date,freight_rate_usd_per_t,bdi_index,bunker_price_usd_per_t,port_congestion_days,demand_signal,is_monsoon,is_cyclone_season
2023-06-01,29.65,1404.0,530.9,5.64,62.9,1,0
2023-06-02,29.61,1408.0,530.9,5.36,63.0,1,0
2023-06-03,29.47,1418.4,531.3,5.15,63.1,1,0
2023-06-04,29.4,1435.7,533.2,5.81,63.3,1,0
2023-06-05,29.93,1439.0,533.8,5.97,63.4,1,0
2023-06-06,30.15,1442.3,534.2,5.45,63.5,1,0
2023-06-07,29.63,1460.1,533.0,5.75,63.6,1,0
2023-06-08,31.19,1471.3,534.2,6.89,63.7,1,0
2023-06-09,29.93,1472.7,535.3,6.25,63.8,1,0
2023-06-10,29.85,1482.1,538.3,5.06,63.9,1,0
2023-06-11,29.67,1483.5,538.2,5.36,64.0,1,0
2023-06-12,30.13,1484.9,538.8,5.6,64.1,1,0
2023-06-13,29.44,1491.9,539.4,5.71,64.2,1,0
2023-06-14,29.91,1481.6,541.6,5.76,64.3,1,0
2023-06-15,29.7,1472.8,541.8,5.92,64.3,1,0
2023-06-16,30.09,1473.3,542.4,5.62,64.4,1,0
2023-06-17,30.44,1470.2,543.4,5.68,64.5,1,0
2023-06-18,30.56,1477.7,543.9,6.29,64.6,1,0
2023-06-19,29.18,1475.4,543.7,5.83,64.6,1,0
2023-06-20,30.7,1469.0,544.1,5.23,64.7,1,0
2023-06-21,30.3,1485.6,545.7,5.72,64.7,1,0
2023-06-22,29.85,1488.6,544.7,5.6,64.8,1,0
2023-06-23,30.08,1494.0,545.1,5.09,64.8,1,0
2023-06-24,30.25,1487.4,544.4,5.75,64.8,1,0
2023-06-25,29.76,1487.7,546.1,5.26,64.9,1,0
2023-06-26,30.48,1493.3,544.4,6.3,64.9,1,0
2023-06-27,29.98,1488.8,543.9,5.91,64.9,1,0
2023-06-28,29.87,1496.5,544.6,5.22,65.0,1,0
2023-06-29,30.17,1496.2,546.6,6.26,65.0,1,0
2023-06-30,30.03,1498.5,546.7,6.68,65.0,1,0
2023-07-01,30.25,1498.2,546.2,5.55,65.0,1,0
2023-07-02,30.59,1517.5,548.6,5.6,65.0,1,0
2023-07-03,30.76,1521.8,547.0,6.18,65.0,1,0
2023-07-04,30.96,1517.7,544.5,6.59,65.0,1,0
2023-07-05,30.33,1528.6,545.1,5.12,65.0,1,0
2023-07-06,29.99,1523.1,544.6,5.25,65.0,1,0
2023-07-07,30.64,1529.0,543.5,5.48,64.9,1,0
2023-07-08,29.73,1517.5,544.4,5.52,64.9,1,0
2023-07-09,30.11,1511.0,544.8,6.16,64.9,1,0
2023-07-10,30.26,1516.7,544.2,6.6,64.9,1,0
2023-07-11,31.14,1526.6,542.7,6.68,64.8,1,0
2023-07-12,30.59,1531.9,543.8,5.12,64.8,1,0
2023-07-13,30.52,1534.9,544.6,5.33,64.7,1,0
2023-07-14,30.78,1536.3,544.5,5.41,64.7,1,0
2023-07-15,29.96,1528.3,546.7,5.33,64.6,1,0
2023-07-16,30.62,1526.2,545.5,5.91,64.6,1,0
2023-07-17,30.42,1526.2,543.6,5.99,64.5,1,0
2023-07-18,30.75,1538.3,542.8,5.67,64.5,1,0
2023-07-19,30.39,1544.5,542.7,5.62,64.4,1,0
2023-07-20,30.17,1533.9,543.0,5.49,64.3,1,0
2023-07-21,30.59,1539.9,542.7,5.54,64.2,1,0
2023-07-22,31.19,1540.1,543.0,6.88,64.1,1,0
2023-07-23,30.27,1538.0,541.5,6.1,64.1,1,0
2023-07-24,30.38,1546.1,543.1,5.51,64.0,1,0
2023-07-25,30.09,1557.5,543.0,5.61,63.9,1,0
2023-07-26,29.69,1568.0,544.2,5.93,63.8,1,0
2023-07-27,30.51,1564.2,544.5,5.22,63.7,1,0
2023-07-28,30.86,1564.7,545.0,5.74,63.6,1,0
2023-07-29,30.87,1570.1,545.5,6.05,63.4,1,0
2023-07-30,30.02,1580.7,546.0,5.96,63.3,1,0
2023-07-31,30.45,1579.6,546.6,5.34,63.2,1,0
2023-08-01,29.73,1580.7,548.0,5.39,63.1,1,0
2023-08-02,31.02,1574.4,548.1,5.08,62.9,1,0
2023-08-03,30.36,1567.2,548.8,6.13,62.8,1,0
2023-08-04,31.78,1576.1,548.5,7.41,62.7,1,0
2023-08-05,31.03,1589.3,550.1,5.3,62.5,1,0
2023-08-06,30.67,1590.9,549.1,6.41,62.4,1,0
2023-08-07,30.95,1601.1,551.1,7.28,62.2,1,0
2023-08-08,30.93,1606.0,550.8,5.45,62.1,1,0
2023-08-09,30.47,1602.8,548.9,5.61,61.9,1,0
2023-08-10,30.93,1607.6,548.8,5.81,61.8,1,0
2023-08-11,30.8,1621.7,547.7,5.94,61.6,1,0
2023-08-12,30.27,1623.1,548.5,5.84,61.5,1,0
2023-08-13,30.05,1637.3,547.5,5.48,61.3,1,0
2023-08-14,31.1,1617.9,546.7,6.04,61.1,1,0
2023-08-15,30.59,1625.9,544.1,5.49,60.9,1,0
2023-08-16,30.74,1628.0,543.3,5.88,60.8,1,0
2023-08-17,31.11,1626.9,540.1,5.65,60.6,1,0
2023-08-18,31.09,1628.9,537.9,5.11,60.4,1,0
2023-08-19,30.93,1614.1,538.5,6.55,60.2,1,0
2023-08-20,30.5,1613.4,539.2,5.4,60.0,1,0
2023-08-21,31.3,1617.2,539.4,6.66,59.8,1,0
2023-08-22,30.51,1629.9,537.9,6.37,59.6,1,0
2023-08-23,30.91,1626.5,537.5,5.79,59.4,1,0
2023-08-24,31.07,1620.7,537.1,5.97,59.2,1,0
2023-08-25,31.1,1617.3,535.4,6.06,59.0,1,0
2023-08-26,29.95,1625.1,536.8,5.57,58.8,1,0
2023-08-27,30.46,1628.2,537.5,5.59,58.6,1,0
2023-08-28,30.53,1624.3,536.9,6.02,58.4,1,0
2023-08-29,30.82,1628.6,536.5,5.66,58.2,1,0
2023-08-30,30.9,1629.6,536.3,5.49,58.0,1,0
2023-08-31,31.26,1637.4,533.5,5.34,57.7,1,0
2023-09-01,30.6,1631.7,532.8,5.9,57.5,1,0
2023-09-02,30.37,1629.0,531.5,5.39,57.3,1,0
2023-09-03,31.28,1625.7,529.9,6.22,57.1,1,0
2023-09-04,30.89,1613.7,529.1,6.29,56.8,1,0
2023-09-05,31.19,1615.7,530.9,5.97,56.6,1,0
2023-09-06,30.85,1617.3,531.2,6.12,56.4,1,0
2023-09-07,30.21,1616.8,530.0,5.97,56.1,1,0
2023-09-08,30.19,1614.3,530.2,6.17,55.9,1,0
2023-09-09,30.03,1602.2,531.5,6.14,55.7,1,0
2023-09-10,30.79,1598.0,532.1,5.87,55.4,1,0
2023-09-11,31.15,1594.4,531.7,6.39,55.2,1,0
2023-09-12,31.06,1587.0,530.4,5.59,54.9,1,0
2023-09-13,30.55,1584.6,530.7,5.35,54.7,1,0
2023-09-14,30.69,1586.7,530.7,5.34,54.5,1,0
2023-09-15,30.15,1600.5,531.2,5.52,54.2,1,0
2023-09-16,29.76,1600.5,531.5,5.09,54.0,1,0
2023-09-17,30.82,1601.2,532.2,5.78,53.7,1,0
2023-09-18,30.72,1599.1,531.0,6.07,53.5,1,0
2023-09-19,30.58,1582.1,532.1,6.28,53.2,1,0
2023-09-20,30.28,1580.2,531.8,5.13,53.0,1,0
2023-09-21,30.34,1579.0,533.7,5.35,52.7,1,0
2023-09-22,31.11,1596.8,532.3,6.19,52.4,1,0
2023-09-23,30.9,1593.3,533.8,5.57,52.2,1,0
2023-09-24,30.76,1593.7,533.5,6.05,51.9,1,0
2023-09-25,30.54,1591.4,532.1,5.21,51.7,1,0
2023-09-26,30.82,1579.8,531.0,6.65,51.4,1,0
2023-09-27,29.93,1586.7,530.0,5.19,51.2,1,0
2023-09-28,30.63,1590.4,529.9,5.77,50.9,1,0
2023-09-29,29.79,1594.3,529.9,5.78,50.6,1,0
2023-09-30,30.56,1584.6,528.6,5.44,50.4,1,0
2023-10-01,28.76,1593.2,528.0,4.44,50.1,0,1
2023-10-02,29.31,1579.4,529.9,4.46,49.9,0,1
2023-10-03,28.88,1581.3,531.4,4.39,49.6,0,1
2023-10-04,29.35,1596.1,531.2,3.94,49.4,0,1
2023-10-05,29.01,1585.3,530.7,3.87,49.1,0,1
2023-10-06,28.36,1577.8,530.2,3.98,48.8,0,1
2023-10-07,29.09,1575.6,530.2,3.83,48.6,0,1
2023-10-08,29.0,1568.4,528.4,4.93,48.3,0,1
2023-10-09,29.15,1552.9,527.4,4.01,48.1,0,1
2023-10-10,28.82,1550.2,524.7,4.25,47.8,0,1
2023-10-11,29.06,1538.4,524.6,4.69,47.6,0,1
2023-10-12,28.22,1538.8,524.7,3.81,47.3,0,1
2023-10-13,28.25,1528.0,523.4,3.69,47.0,0,1
2023-10-14,28.41,1536.9,524.6,3.83,46.8,0,1
2023-10-15,29.02,1527.1,522.5,4.31,46.5,0,1
2023-10-16,29.26,1520.9,520.0,4.27,46.3,0,1
2023-10-17,28.31,1523.7,519.6,4.39,46.0,0,1
2023-10-18,28.89,1510.1,520.2,4.11,45.8,0,1
2023-10-19,27.4,1508.1,521.5,3.53,45.5,0,1
2023-10-20,28.0,1514.7,520.2,4.1,45.3,0,1
2023-10-21,28.23,1497.9,520.8,4.8,45.1,0,1
2023-10-22,28.12,1495.4,520.1,5.03,44.8,0,1
2023-10-23,27.73,1493.4,519.2,4.21,44.6,0,1
2023-10-24,28.56,1495.6,519.5,4.27,44.3,0,1
2023-10-25,28.32,1481.6,519.6,4.54,44.1,0,1
2023-10-26,28.58,1466.8,517.0,5.0,43.9,0,1
2023-10-27,28.42,1466.7,518.0,4.17,43.6,0,1
2023-10-28,28.38,1464.8,518.9,4.53,43.4,0,1
2023-10-29,28.27,1462.4,517.5,3.92,43.2,0,1
2023-10-30,27.89,1460.8,517.2,3.71,42.9,0,1
2023-10-31,27.46,1450.9,517.1,3.96,42.7,0,1
2023-11-01,28.78,1448.3,516.6,5.23,42.5,0,1
2023-11-02,27.84,1446.1,515.2,4.54,42.3,0,1
2023-11-03,27.33,1435.8,513.7,3.73,42.0,0,1
2023-11-04,27.98,1446.1,512.9,4.58,41.8,0,1
2023-11-05,27.4,1445.2,513.6,3.75,41.6,0,1
2023-11-06,27.72,1431.0,513.5,4.38,41.4,0,1
2023-11-07,27.8,1431.5,512.3,3.8,41.2,0,1
2023-11-08,27.71,1419.0,512.5,3.72,41.0,0,1
2023-11-09,27.76,1420.5,508.3,5.43,40.8,0,1
2023-11-10,27.45,1424.9,508.9,4.01,40.6,0,1
2023-11-11,28.14,1413.5,506.1,4.53,40.4,0,1
2023-11-12,27.77,1416.3,504.9,4.19,40.2,0,1
2023-11-13,28.21,1414.7,502.8,3.77,40.0,0,1
2023-11-14,27.94,1416.3,500.5,4.06,39.8,0,1
2023-11-15,27.89,1426.5,501.2,3.77,39.6,0,1
2023-11-16,27.7,1419.6,499.8,6.35,39.4,0,1
2023-11-17,27.9,1408.5,499.5,4.66,39.2,0,1
2023-11-18,27.31,1396.4,498.7,4.18,39.1,0,1
2023-11-19,27.14,1384.8,498.5,4.49,38.9,0,1
2023-11-20,27.42,1379.1,497.9,4.61,38.7,0,1
2023-11-21,27.68,1376.8,495.6,4.61,38.5,0,1
2023-11-22,27.47,1373.9,496.0,4.58,38.4,0,1
2023-11-23,26.89,1375.4,494.7,4.52,38.2,0,1
2023-11-24,27.37,1370.3,492.0,4.22,38.1,0,1
2023-11-25,27.22,1376.8,490.8,5.33,37.9,0,1
2023-11-26,27.15,1369.6,491.8,4.26,37.8,0,1
2023-11-27,27.03,1386.2,492.1,4.19,37.6,0,1
2023-11-28,27.06,1386.0,490.9,4.26,37.5,0,1
2023-11-29,27.38,1374.0,489.8,4.3,37.3,0,1
2023-11-30,26.32,1360.3,488.6,3.63,37.2,0,1
2023-12-01,27.6,1359.0,490.4,3.82,37.1,0,1
2023-12-02,26.14,1352.0,490.1,4.11,36.9,0,1
2023-12-03,26.45,1352.6,489.9,3.63,36.8,0,1
2023-12-04,27.02,1351.2,490.4,4.18,36.7,0,1
2023-12-05,27.1,1345.5,489.9,4.29,36.6,0,1
2023-12-06,26.53,1333.5,488.9,3.7,36.4,0,1
2023-12-07,26.49,1316.3,487.9,3.9,36.3,0,1
2023-12-08,27.03,1307.6,487.1,5.07,36.2,0,1
2023-12-09,26.57,1309.3,486.3,4.5,36.1,0,1
2023-12-10,27.19,1305.9,486.4,4.46,36.0,0,1
2023-12-11,27.04,1290.9,485.8,4.95,35.9,0,1
2023-12-12,26.64,1287.2,485.9,3.83,35.9,0,1
2023-12-13,25.83,1285.2,485.1,3.71,35.8,0,1
2023-12-14,26.49,1273.1,484.5,4.82,35.7,0,1
2023-12-15,26.1,1269.3,481.4,4.13,35.6,0,1
2023-12-16,25.68,1264.8,481.8,3.82,35.5,0,1
2023-12-17,26.06,1250.7,481.5,3.63,35.5,0,1
2023-12-18,25.92,1248.6,482.0,4.27,35.4,0,1
2023-12-19,26.27,1248.2,477.8,4.07,35.4,0,1
2023-12-20,25.6,1252.0,479.6,4.0,35.3,0,1
2023-12-21,26.57,1255.5,478.7,3.55,35.3,0,1
2023-12-22,26.05,1239.7,479.4,5.31,35.2,0,1
2023-12-23,25.82,1227.4,477.4,3.67,35.2,0,1
2023-12-24,26.19,1226.7,477.5,4.04,35.1,0,1
2023-12-25,25.57,1226.1,475.6,3.97,35.1,0,1
2023-12-26,26.32,1225.5,474.1,4.52,35.1,0,1
2023-12-27,25.36,1251.7,475.8,3.64,35.1,0,1
2023-12-28,26.7,1251.7,474.9,4.43,35.0,0,1
2023-12-29,26.09,1256.2,474.5,4.27,35.0,0,1
2023-12-30,25.74,1259.3,474.9,3.88,35.0,0,1
2023-12-31,26.05,1260.0,474.8,4.41,35.0,0,1
2024-01-01,24.63,1253.0,474.3,2.68,35.0,0,0
2024-01-02,24.58,1254.7,474.1,4.1,35.0,0,0
2024-01-03,23.95,1244.1,476.4,2.57,35.0,0,0
2024-01-04,24.02,1237.9,475.7,2.28,35.0,0,0
2024-01-05,23.81,1229.8,475.3,2.94,35.0,0,0
2024-01-06,24.85,1226.3,475.9,2.52,35.1,0,0
2024-01-07,24.05,1240.6,476.6,2.67,35.1,0,0
2024-01-08,24.35,1221.6,477.5,2.21,35.1,0,0
2024-01-09,24.39,1223.0,477.6,3.03,35.2,0,0
2024-01-10,23.58,1206.1,475.7,2.45,35.2,0,0
2024-01-11,24.07,1198.4,477.0,2.81,35.2,0,0
2024-01-12,24.97,1203.3,475.1,4.45,35.3,0,0
2024-01-13,23.9,1200.0,474.8,2.55,35.3,0,0
2024-01-14,24.56,1187.6,473.4,3.13,35.4,0,0
2024-01-15,24.25,1178.2,472.7,2.58,35.4,0,0
2024-01-16,24.15,1180.0,472.6,2.38,35.5,0,0
2024-01-17,23.98,1170.6,472.4,3.61,35.6,0,0
2024-01-18,23.19,1168.8,472.3,2.09,35.7,0,0
2024-01-19,23.82,1165.8,473.7,3.33,35.7,0,0
2024-01-20,23.66,1157.2,473.7,2.08,35.8,0,0
2024-01-21,24.29,1171.0,472.9,3.24,35.9,0,0
2024-01-22,23.03,1172.9,473.6,2.67,36.0,0,0
2024-01-23,23.67,1153.5,474.5,2.29,36.1,0,0
2024-01-24,23.76,1151.9,472.5,2.48,36.2,0,0
2024-01-25,23.75,1143.6,472.7,3.09,36.3,0,0
2024-01-26,24.84,1147.5,473.0,4.3,36.4,0,0
2024-01-27,23.68,1138.3,472.2,2.14,36.5,0,0
2024-01-28,24.08,1134.6,473.4,2.3,36.6,0,0
2024-01-29,23.44,1135.9,472.7,2.19,36.7,0,0
2024-01-30,24.07,1140.2,472.4,2.57,36.9,0,0
2024-01-31,24.51,1128.0,471.7,3.26,37.0,0,0
2024-02-01,23.95,1122.8,471.3,2.16,37.1,0,0
2024-02-02,23.1,1116.6,469.6,2.66,37.3,0,0
2024-02-03,23.56,1109.0,467.4,3.24,37.4,0,0
2024-02-04,23.35,1120.9,468.9,2.47,37.5,0,0
2024-02-05,23.79,1122.0,467.4,2.77,37.7,0,0
2024-02-06,24.04,1109.8,465.8,3.53,37.8,0,0
2024-02-07,22.98,1115.1,462.9,2.25,38.0,0,0
2024-02-08,23.35,1130.2,461.7,2.11,38.1,0,0
2024-02-09,22.78,1136.6,459.7,2.85,38.3,0,0
2024-02-10,24.11,1122.7,461.3,2.86,38.5,0,0
2024-02-11,23.15,1117.1,462.1,2.45,38.6,0,0
2024-02-12,23.4,1125.6,461.0,2.38,38.8,0,0
2024-02-13,23.36,1118.5,463.3,2.68,39.0,0,0
2024-02-14,23.84,1120.6,464.1,2.25,39.1,0,0
2024-02-15,22.29,1125.5,463.4,2.25,39.3,0,0
2024-02-16,23.61,1116.8,460.1,3.08,39.5,0,0
2024-02-17,23.3,1115.1,462.5,2.23,39.7,0,0
2024-02-18,22.94,1088.1,460.5,2.11,39.9,0,0
2024-02-19,23.83,1078.9,458.3,2.37,40.1,0,0
2024-02-20,22.8,1076.0,459.2,2.45,40.3,0,0
2024-02-21,23.6,1065.2,461.8,2.93,40.5,0,0
2024-02-22,23.34,1077.5,463.2,2.4,40.7,0,0
2024-02-23,24.1,1065.5,463.6,3.7,40.9,0,0
2024-02-24,22.97,1061.4,464.1,2.71,41.1,0,0
2024-02-25,22.84,1062.0,464.9,2.33,41.3,0,0
2024-02-26,23.85,1073.1,465.5,2.91,41.5,0,0
2024-02-27,23.77,1061.3,465.6,3.68,41.7,0,0
2024-02-28,22.82,1070.4,465.5,3.06,41.9,0,0
2024-02-29,22.9,1070.4,465.2,2.15,42.1,0,0
2024-03-01,23.32,1062.5,464.1,2.49,42.4,0,0
2024-03-02,23.63,1066.3,463.6,2.8,42.6,0,0
2024-03-03,23.09,1068.1,461.4,3.03,42.8,0,0
2024-03-04,22.01,1063.5,461.1,2.58,43.0,0,0
2024-03-05,23.35,1064.4,459.7,2.51,43.3,0,0
2024-03-06,23.16,1061.7,458.2,4.09,43.5,0,0
2024-03-07,22.5,1063.1,458.3,3.07,43.7,0,0
2024-03-08,22.17,1069.0,459.8,2.91,44.0,0,0
2024-03-09,23.55,1082.4,460.8,2.42,44.2,0,0
2024-03-10,23.14,1073.3,458.8,2.24,44.5,0,0
2024-03-11,23.33,1091.2,457.5,2.92,44.7,0,0
2024-03-12,23.99,1076.6,458.5,3.16,44.9,0,0
2024-03-13,23.5,1076.4,457.3,2.66,45.2,0,0
2024-03-14,24.07,1082.2,456.9,3.08,45.4,0,0
2024-03-15,22.89,1085.7,457.5,3.09,45.7,0,0
2024-03-16,23.44,1082.0,456.3,3.21,45.9,0,0
2024-03-17,22.45,1081.7,456.3,2.15,46.2,0,0
2024-03-18,23.08,1079.2,454.7,2.5,46.4,0,0
2024-03-19,23.2,1076.1,453.9,2.96,46.7,0,0
2024-03-20,23.52,1084.5,454.3,2.69,46.9,0,0
2024-03-21,23.44,1089.1,452.4,3.1,47.2,0,0
2024-03-22,23.6,1085.3,452.9,2.91,47.4,0,0
2024-03-23,23.39,1094.4,452.8,2.06,47.7,0,0
2024-03-24,24.47,1098.9,453.5,3.41,47.9,0,0
2024-03-25,23.2,1107.4,453.8,2.45,48.2,0,0
2024-03-26,22.99,1114.6,455.5,2.31,48.5,0,0
2024-03-27,23.83,1110.2,455.7,3.38,48.7,0,0
2024-03-28,23.27,1108.0,455.2,3.04,49.0,0,0
2024-03-29,24.41,1116.3,455.4,3.51,49.2,0,0
2024-03-30,23.52,1123.7,456.1,2.81,49.5,0,0
2024-03-31,23.31,1126.0,456.3,2.49,49.7,0,0
2024-04-01,23.47,1129.6,456.4,2.74,50.0,0,0
2024-04-02,23.85,1142.5,455.6,2.26,50.3,0,0
2024-04-03,23.46,1140.5,455.0,2.18,50.5,0,0
2024-04-04,23.35,1147.7,453.4,2.39,50.8,0,0
2024-04-05,24.83,1149.0,455.6,3.81,51.0,0,0
2024-04-06,23.33,1150.2,454.2,2.43,51.3,0,0
2024-04-07,23.64,1162.1,453.6,2.12,51.5,0,0
2024-04-08,24.12,1171.8,452.8,2.59,51.8,0,0
2024-04-09,23.22,1181.5,454.1,2.42,52.1,0,0
2024-04-10,24.5,1195.2,453.9,3.43,52.3,0,0
2024-04-11,24.03,1198.7,455.6,3.73,52.6,0,0
2024-04-12,24.38,1207.6,455.0,2.48,52.8,0,0
2024-04-13,23.81,1208.6,455.5,2.81,53.1,0,0
2024-04-14,24.5,1214.7,454.7,2.86,53.3,0,0
2024-04-15,24.65,1217.3,457.5,2.64,53.6,0,0
2024-04-16,24.52,1221.7,456.3,2.55,53.8,0,0
2024-04-17,24.24,1230.2,456.9,2.29,54.1,0,0
2024-04-18,23.98,1227.4,457.9,2.1,54.3,0,0
2024-04-19,24.05,1248.0,458.6,2.29,54.6,0,0
2024-04-20,24.96,1243.8,458.7,2.62,54.8,0,0
2024-04-21,23.89,1238.1,458.8,2.16,55.1,0,0
2024-04-22,24.07,1251.4,459.1,2.78,55.3,0,0
2024-04-23,24.79,1261.8,459.2,2.7,55.5,0,0
2024-04-24,24.19,1270.9,460.7,2.42,55.8,0,0
2024-04-25,24.26,1280.1,463.6,2.54,56.0,0,0
2024-04-26,23.97,1284.2,463.3,2.2,56.3,0,0
2024-04-27,24.68,1281.3,462.0,3.19,56.5,0,0
2024-04-28,24.88,1286.3,462.2,3.18,56.7,0,0
2024-04-29,24.73,1285.2,465.6,2.23,57.0,0,0
2024-04-30,25.08,1297.4,465.0,2.24,57.2,0,0
2024-05-01,24.99,1300.7,467.3,2.3,57.4,0,0
2024-05-02,24.97,1298.6,469.7,2.99,57.6,0,0
2024-05-03,24.93,1300.6,469.4,2.86,57.9,0,0
2024-05-04,25.46,1308.5,470.5,3.37,58.1,0,0
2024-05-05,25.84,1308.7,472.8,3.47,58.3,0,0
2024-05-06,24.91,1306.8,472.8,2.15,58.5,0,0
2024-05-07,25.0,1313.4,472.9,2.97,58.7,0,0
2024-05-08,24.98,1320.1,472.6,3.43,58.9,0,0
2024-05-09,24.46,1320.9,471.8,2.51,59.1,0,0
2024-05-10,25.35,1321.9,471.5,2.65,59.3,0,0
2024-05-11,25.32,1328.6,470.4,2.58,59.5,0,0
2024-05-12,25.29,1321.9,470.9,2.6,59.7,0,0
2024-05-13,25.18,1315.5,470.5,3.19,59.9,0,0
2024-05-14,26.1,1314.7,471.2,4.04,60.1,0,0
2024-05-15,25.2,1318.0,469.8,3.66,60.3,0,0
2024-05-16,25.41,1325.4,470.7,2.44,60.5,0,0
2024-05-17,25.28,1342.2,472.2,2.81,60.7,0,0
2024-05-18,24.92,1354.1,470.2,2.34,60.9,0,0
2024-05-19,25.46,1357.9,471.2,2.37,61.0,0,0
2024-05-20,25.53,1362.8,473.2,2.63,61.2,0,0
2024-05-21,25.39,1359.9,472.2,2.36,61.4,0,0
2024-05-22,25.36,1364.8,474.8,2.41,61.5,0,0
2024-05-23,25.47,1367.6,475.8,2.8,61.7,0,0
2024-05-24,26.54,1375.3,475.5,2.96,61.9,0,0
2024-05-25,26.05,1373.8,475.9,2.94,62.0,0,0
2024-05-26,25.94,1383.1,477.1,2.95,62.2,0,0
2024-05-27,25.54,1400.5,477.8,2.21,62.3,0,0
2024-05-28,25.99,1404.8,479.0,2.35,62.5,0,0
2024-05-29,25.96,1413.2,478.4,2.69,62.6,0,0
2024-05-30,26.09,1423.9,479.2,3.39,62.7,0,0
2024-05-31,26.45,1425.8,478.1,4.78,62.9,0,0
2024-06-01,28.75,1432.8,478.5,5.84,63.0,1,0
2024-06-02,27.65,1438.1,478.0,6.11,63.1,1,0
2024-06-03,28.7,1444.0,477.8,5.19,63.3,1,0
2024-06-04,28.77,1443.0,479.8,6.09,63.4,1,0
2024-06-05,30.1,1448.3,481.8,7.32,63.5,1,0
2024-06-06,28.86,1457.4,483.1,5.34,63.6,1,0
2024-06-07,28.5,1474.2,482.4,5.42,63.7,1,0
2024-06-08,29.31,1487.0,482.6,6.22,63.8,1,0
2024-06-09,28.9,1509.3,484.7,5.68,63.9,1,0
2024-06-10,29.29,1508.3,485.5,5.09,64.0,1,0
2024-06-11,29.47,1520.3,488.9,5.44,64.1,1,0
2024-06-12,30.24,1526.9,490.1,6.72,64.2,1,0
2024-06-13,29.28,1549.4,490.9,5.53,64.3,1,0
2024-06-14,29.61,1548.0,491.2,5.53,64.3,1,0
2024-06-15,29.27,1546.3,492.0,6.16,64.4,1,0
2024-06-16,29.99,1546.4,492.5,5.86,64.5,1,0
2024-06-17,29.74,1534.4,494.0,5.51,64.6,1,0
2024-06-18,29.72,1535.1,495.8,5.4,64.6,1,0
2024-06-19,30.66,1534.0,495.6,8.64,64.7,1,0
2024-06-20,30.1,1540.0,494.7,6.54,64.7,1,0
2024-06-21,30.41,1547.6,493.1,5.95,64.8,1,0
2024-06-22,29.81,1567.5,494.4,5.99,64.8,1,0
2024-06-23,29.92,1579.8,493.8,5.6,64.8,1,0
2024-06-24,29.48,1580.0,491.9,5.85,64.9,1,0
2024-06-25,29.47,1577.5,493.1,5.55,64.9,1,0
2024-06-26,29.87,1586.1,496.8,5.32,64.9,1,0
2024-06-27,30.44,1580.2,497.5,5.88,65.0,1,0
2024-06-28,29.92,1599.4,499.2,5.52,65.0,1,0
2024-06-29,30.17,1613.4,500.0,5.91,65.0,1,0
2024-06-30,30.15,1614.2,500.6,6.03,65.0,1,0
2024-07-01,30.03,1604.9,502.4,5.94,65.0,1,0
2024-07-02,30.23,1620.2,502.8,5.29,65.0,1,0
2024-07-03,29.61,1623.7,503.8,5.47,65.0,1,0
2024-07-04,30.84,1637.9,504.9,5.53,65.0,1,0
2024-07-05,30.28,1629.4,504.9,6.31,65.0,1,0
2024-07-06,30.84,1628.8,506.8,6.26,64.9,1,0
2024-07-07,29.76,1633.1,507.3,5.36,64.9,1,0
2024-07-08,30.5,1637.6,507.1,5.21,64.9,1,0
2024-07-09,31.45,1638.0,508.5,7.87,64.9,1,0
2024-07-10,30.7,1647.0,508.2,5.92,64.8,1,0
2024-07-11,29.87,1642.5,508.9,5.18,64.8,1,0
2024-07-12,30.48,1645.2,509.7,5.42,64.7,1,0
2024-07-13,30.29,1650.0,511.7,6.35,64.7,1,0
2024-07-14,31.12,1657.9,513.0,7.43,64.6,1,0
2024-07-15,31.61,1667.3,513.8,7.17,64.6,1,0
2024-07-16,31.07,1662.0,515.5,5.89,64.5,1,0
2024-07-17,30.65,1653.3,517.9,5.67,64.5,1,0
2024-07-18,30.22,1667.1,519.3,5.27,64.4,1,0
2024-07-19,31.06,1673.2,520.1,5.71,64.3,1,0
2024-07-20,30.62,1670.6,519.3,5.3,64.2,1,0
2024-07-21,29.83,1686.4,518.7,5.48,64.1,1,0
2024-07-22,31.37,1690.5,519.1,6.22,64.1,1,0
2024-07-23,30.89,1703.2,519.2,5.55,64.0,1,0
2024-07-24,31.4,1706.8,519.7,5.52,63.9,1,0
2024-07-25,30.64,1726.4,520.5,5.64,63.8,1,0
2024-07-26,30.8,1743.4,521.9,8.14,63.7,1,0
2024-07-27,31.19,1744.3,522.6,5.24,63.6,1,0
2024-07-28,31.48,1754.9,523.9,5.82,63.4,1,0
2024-07-29,31.16,1762.8,524.7,7.05,63.3,1,0
2024-07-30,31.0,1776.5,523.1,5.64,63.2,1,0
2024-07-31,32.76,1771.4,522.7,6.52,63.1,1,0
2024-08-01,31.13,1779.4,523.3,5.19,62.9,1,0
2024-08-02,31.71,1790.3,522.6,5.57,62.8,1,0
2024-08-03,31.02,1778.6,524.1,5.33,62.7,1,0
2024-08-04,30.55,1771.4,526.7,5.63,62.5,1,0
2024-08-05,31.27,1757.3,528.9,5.64,62.4,1,0
2024-08-06,31.26,1757.3,529.4,5.7,62.2,1,0
2024-08-07,31.47,1765.1,531.9,6.21,62.1,1,0
2024-08-08,31.27,1779.1,532.8,5.05,61.9,1,0
2024-08-09,31.55,1781.6,533.2,5.4,61.8,1,0
2024-08-10,31.6,1796.4,533.2,5.78,61.6,1,0
2024-08-11,30.86,1787.1,533.5,5.09,61.5,1,0
2024-08-12,31.84,1775.1,533.8,6.04,61.3,1,0
2024-08-13,30.66,1776.2,534.8,5.39,61.1,1,0
2024-08-14,30.72,1780.8,535.7,5.58,60.9,1,0
2024-08-15,32.09,1781.9,536.4,6.25,60.8,1,0
2024-08-16,32.03,1766.6,537.7,6.57,60.6,1,0
2024-08-17,31.66,1767.1,539.8,6.06,60.4,1,0
2024-08-18,30.81,1757.8,541.7,5.23,60.2,1,0
2024-08-19,31.38,1764.2,540.6,6.03,60.0,1,0
2024-08-20,31.57,1768.1,538.3,6.07,59.8,1,0
2024-08-21,30.97,1761.4,540.1,5.93,59.6,1,0
2024-08-22,31.56,1758.1,539.2,6.74,59.4,1,0
2024-08-23,31.7,1750.3,539.6,5.71,59.2,1,0
2024-08-24,32.35,1750.4,538.9,6.69,59.0,1,0
2024-08-25,31.62,1758.6,537.5,6.69,58.8,1,0
2024-08-26,31.85,1751.1,538.8,6.1,58.6,1,0
2024-08-27,30.74,1755.5,540.4,5.83,58.4,1,0
2024-08-28,31.78,1751.5,540.4,5.94,58.2,1,0
2024-08-29,31.48,1745.3,538.0,6.99,58.0,1,0
2024-08-30,31.69,1744.5,538.0,6.39,57.7,1,0
2024-08-31,31.04,1736.2,539.2,5.26,57.5,1,0
2024-09-01,31.84,1731.7,538.1,5.89,57.3,1,0
2024-09-02,30.72,1721.9,538.9,5.32,57.1,1,0
2024-09-03,31.44,1737.3,539.6,5.38,56.8,1,0
2024-09-04,31.13,1737.2,540.9,5.49,56.6,1,0
2024-09-05,31.06,1731.1,541.7,5.17,56.4,1,0
2024-09-06,31.09,1732.3,541.2,5.3,56.1,1,0
2024-09-07,31.36,1730.8,543.3,6.8,55.9,1,0
2024-09-08,31.17,1728.3,543.8,5.38,55.7,1,0
2024-09-09,31.47,1732.4,544.4,6.21,55.4,1,0
2024-09-10,31.45,1737.5,543.9,5.76,55.2,1,0
2024-09-11,31.44,1732.3,544.0,6.0,54.9,1,0
2024-09-12,31.69,1726.6,543.5,6.03,54.7,1,0
2024-09-13,31.46,1723.2,543.9,5.29,54.5,1,0
2024-09-14,30.91,1703.5,546.6,6.21,54.2,1,0
2024-09-15,31.23,1690.1,545.6,5.21,54.0,1,0
2024-09-16,30.51,1699.6,544.2,5.37,53.7,1,0
2024-09-17,31.55,1711.2,546.6,6.01,53.5,1,0
2024-09-18,31.29,1707.7,546.9,5.27,53.2,1,0
2024-09-19,30.22,1710.6,546.7,5.08,53.0,1,0
2024-09-20,31.32,1711.3,548.5,5.86,52.7,1,0
2024-09-21,30.99,1734.1,548.4,5.14,52.4,1,0
2024-09-22,31.27,1741.1,551.1,6.08,52.2,1,0
2024-09-23,31.91,1738.1,552.5,5.52,51.9,1,0
2024-09-24,31.15,1728.3,552.4,5.86,51.7,1,0
2024-09-25,31.04,1713.3,555.6,5.84,51.4,1,0
2024-09-26,31.5,1712.7,555.4,6.14,51.2,1,0
2024-09-27,31.67,1704.3,556.8,6.04,50.9,1,0
2024-09-28,30.97,1690.5,557.7,5.27,50.6,1,0
2024-09-29,31.57,1682.9,559.8,5.55,50.4,1,0
2024-09-30,31.4,1671.6,562.1,5.85,50.1,1,0
2024-10-01,29.56,1682.5,562.7,5.21,49.9,0,1
2024-10-02,30.0,1686.8,562.3,4.54,49.6,0,1
2024-10-03,30.18,1684.0,563.3,5.12,49.4,0,1
2024-10-04,30.38,1692.9,563.0,4.39,49.1,0,1
2024-10-05,29.34,1690.6,565.9,4.9,48.8,0,1
2024-10-06,31.14,1680.7,566.5,4.3,48.6,0,1
2024-10-07,30.6,1689.8,566.5,4.87,48.3,0,1
2024-10-08,30.16,1690.9,567.2,4.0,48.1,0,1
2024-10-09,30.95,1679.4,566.0,5.34,47.8,0,1
2024-10-10,31.05,1674.6,565.3,4.46,47.6,0,1
2024-10-11,30.15,1664.2,567.2,3.67,47.3,0,1
2024-10-12,30.32,1649.7,566.8,4.38,47.0,0,1
2024-10-13,30.07,1653.6,565.9,4.54,46.8,0,1
2024-10-14,30.11,1665.3,567.0,4.74,46.5,0,1
2024-10-15,30.27,1650.5,568.8,5.77,46.3,0,1
2024-10-16,29.52,1651.3,570.1,3.94,46.0,0,1
2024-10-17,30.18,1642.4,571.6,5.78,45.8,0,1
2024-10-18,29.3,1634.7,571.1,4.17,45.5,0,1
2024-10-19,29.62,1626.1,569.7,3.85,45.3,0,1
2024-10-20,28.97,1615.2,571.9,3.95,45.1,0,1
2024-10-21,29.89,1611.6,571.9,4.5,44.8,0,1
2024-10-22,29.48,1600.9,571.9,3.81,44.6,0,1
2024-10-23,29.65,1599.0,573.8,4.01,44.3,0,1
2024-10-24,29.5,1594.4,574.8,4.36,44.1,0,1
2024-10-25,31.24,1588.3,575.7,5.33,43.9,0,1
2024-10-26,30.3,1576.8,578.6,4.71,43.6,0,1
2024-10-27,29.01,1567.9,578.1,4.19,43.4,0,1
2024-10-28,29.74,1569.6,579.5,4.5,43.2,0,1
2024-10-29,29.34,1569.2,579.8,4.3,42.9,0,1
2024-10-30,28.91,1556.9,580.4,3.73,42.7,0,1
2024-10-31,29.42,1553.2,582.5,5.55,42.5,0,1
2024-11-01,30.09,1554.7,583.4,5.35,42.3,0,1
2024-11-02,29.12,1536.8,584.3,4.13,42.0,0,1
2024-11-03,29.73,1536.5,585.8,3.96,41.8,0,1
2024-11-04,29.61,1526.5,585.6,3.74,41.6,0,1
2024-11-05,30.03,1526.4,584.8,4.54,41.4,0,1
2024-11-06,29.08,1515.6,583.7,4.55,41.2,0,1
2024-11-07,29.21,1496.4,581.6,3.83,41.0,0,1
2024-11-08,29.36,1478.6,584.2,4.31,40.8,0,1
2024-11-09,28.99,1474.1,583.1,4.69,40.6,0,1
2024-11-10,28.59,1471.3,583.0,3.93,40.4,0,1
2024-11-11,29.51,1459.2,582.8,4.07,40.2,0,1
2024-11-12,28.97,1459.4,583.3,4.07,40.0,0,1
2024-11-13,28.96,1441.2,584.4,3.85,39.8,0,1
2024-11-14,28.42,1435.7,585.6,4.08,39.6,0,1
2024-11-15,28.01,1421.0,585.0,3.64,39.4,0,1
2024-11-16,28.33,1410.7,584.9,4.04,39.2,0,1
2024-11-17,28.49,1406.1,585.4,4.05,39.1,0,1
2024-11-18,28.05,1394.2,585.2,4.14,38.9,0,1
2024-11-19,28.56,1386.0,587.2,4.45,38.7,0,1
2024-11-20,27.64,1389.0,587.9,3.72,38.5,0,1
2024-11-21,27.83,1379.2,588.8,3.76,38.4,0,1
2024-11-22,28.61,1380.8,589.7,3.84,38.2,0,1
2024-11-23,28.47,1366.7,591.1,3.7,38.1,0,1
2024-11-24,28.35,1365.8,591.4,4.52,37.9,0,1
2024-11-25,27.9,1372.1,589.8,3.92,37.8,0,1
2024-11-26,27.83,1347.2,590.3,4.15,37.6,0,1
2024-11-27,27.89,1335.7,589.6,3.82,37.5,0,1
2024-11-28,28.34,1335.1,588.9,4.0,37.3,0,1
2024-11-29,28.54,1328.4,589.6,4.33,37.2,0,1
2024-11-30,27.97,1326.2,591.1,4.36,37.1,0,1
2024-12-01,27.43,1316.2,591.1,3.77,36.9,0,1
2024-12-02,28.09,1311.7,591.4,4.13,36.8,0,1
2024-12-03,27.55,1305.3,593.4,3.82,36.7,0,1
2024-12-04,27.79,1309.5,593.6,4.11,36.6,0,1
2024-12-05,28.47,1306.4,596.7,3.89,36.4,0,1
2024-12-06,28.87,1303.9,597.3,5.63,36.3,0,1
2024-12-07,28.18,1295.5,595.1,4.68,36.2,0,1
2024-12-08,27.46,1286.5,595.9,4.39,36.1,0,1
2024-12-09,27.88,1277.9,596.3,4.03,36.0,0,1
2024-12-10,28.46,1276.0,597.7,4.71,35.9,0,1
2024-12-11,27.65,1267.6,598.4,4.14,35.9,0,1
2024-12-12,28.79,1264.8,598.1,5.49,35.8,0,1
2024-12-13,28.56,1276.4,596.5,4.79,35.7,0,1
2024-12-14,28.45,1278.3,596.1,3.99,35.6,0,1
2024-12-15,28.3,1270.7,594.9,5.34,35.5,0,1
2024-12-16,27.96,1275.4,594.0,4.03,35.5,0,1
2024-12-17,28.84,1267.2,594.5,5.71,35.4,0,1
2024-12-18,28.24,1246.0,596.4,5.41,35.4,0,1
2024-12-19,27.41,1233.0,596.6,4.33,35.3,0,1
2024-12-20,27.04,1213.2,595.0,3.65,35.3,0,1
2024-12-21,27.49,1205.5,595.3,4.28,35.2,0,1
2024-12-22,26.69,1200.9,596.5,3.75,35.2,0,1
2024-12-23,27.25,1209.5,595.6,3.9,35.1,0,1
2024-12-24,27.74,1207.4,595.2,3.93,35.1,0,1
2024-12-25,26.31,1201.0,594.9,3.74,35.1,0,1
2024-12-26,27.97,1202.9,593.7,4.29,35.1,0,1
2024-12-27,27.51,1180.6,594.2,3.86,35.0,0,1
2024-12-28,26.92,1177.9,593.8,4.05,35.0,0,1
2024-12-29,27.29,1179.6,594.0,3.93,35.0,0,1
2024-12-30,27.15,1163.3,592.7,4.45,35.0,0,1
2024-12-31,27.63,1168.0,591.8,4.4,35.0,0,1
2025-01-01,25.67,1166.3,592.4,2.52,35.0,0,0
2025-01-02,24.82,1158.6,591.6,2.98,35.0,0,0
2025-01-03,25.84,1159.4,593.4,3.52,35.0,0,0
2025-01-04,25.09,1173.3,592.5,2.07,35.0,0,0
2025-01-05,25.29,1170.5,592.5,2.41,35.1,0,0
2025-01-06,24.93,1168.4,593.2,2.29,35.1,0,0
2025-01-07,25.88,1160.6,591.2,2.38,35.1,0,0
2025-01-08,25.38,1149.7,588.7,2.05,35.2,0,0
2025-01-09,24.66,1152.4,586.5,2.06,35.2,0,0
2025-01-10,24.53,1141.6,587.6,2.44,35.2,0,0
2025-01-11,24.87,1138.3,586.5,2.43,35.3,0,0
2025-01-12,25.63,1130.7,589.2,3.67,35.3,0,0
2025-01-13,25.21,1130.8,588.1,2.74,35.4,0,0
2025-01-14,25.68,1129.7,587.9,2.97,35.4,0,0
2025-01-15,27.12,1134.4,589.3,7.44,35.5,0,0
2025-01-16,25.98,1126.8,591.3,4.01,35.6,0,0
2025-01-17,25.23,1121.1,593.3,2.64,35.7,0,0
2025-01-18,24.43,1109.8,594.3,2.47,35.7,0,0
2025-01-19,24.87,1102.9,595.1,2.41,35.8,0,0
2025-01-20,25.54,1102.6,595.3,2.85,35.9,0,0
2025-01-21,24.99,1105.5,595.8,2.47,36.0,0,0
2025-01-22,25.05,1094.9,594.7,2.24,36.1,0,0
2025-01-23,24.8,1098.8,593.2,2.43,36.2,0,0
2025-01-24,24.71,1106.6,592.7,2.87,36.3,0,0
2025-01-25,25.14,1107.0,592.0,3.09,36.4,0,0
2025-01-26,25.74,1119.1,590.9,4.15,36.5,0,0
2025-01-27,24.8,1110.1,591.2,2.72,36.6,0,0
2025-01-28,25.2,1097.5,591.9,3.58,36.7,0,0
2025-01-29,24.46,1080.6,591.4,2.57,36.9,0,0
2025-01-30,25.39,1090.0,592.7,2.63,37.0,0,0
2025-01-31,24.8,1092.7,590.8,2.61,37.1,0,0
2025-02-01,25.54,1089.9,590.0,2.78,37.3,0,0
2025-02-02,25.71,1089.8,588.6,3.22,37.4,0,0
2025-02-03,24.68,1078.5,585.8,2.46,37.5,0,0
2025-02-04,24.35,1095.9,585.1,2.3,37.7,0,0
2025-02-05,24.24,1094.9,584.4,3.29,37.8,0,0
2025-02-06,24.48,1093.7,585.6,3.23,38.0,0,0
2025-02-07,24.73,1097.6,585.8,3.75,38.1,0,0
2025-02-08,25.34,1099.6,584.0,2.4,38.3,0,0
2025-02-09,24.91,1099.6,585.6,2.56,38.5,0,0
2025-02-10,25.25,1091.6,586.4,3.33,38.6,0,0
2025-02-11,23.92,1093.8,586.5,2.45,38.8,0,0
2025-02-12,24.61,1107.3,585.6,3.06,39.0,0,0
2025-02-13,25.31,1116.7,583.9,2.57,39.1,0,0
2025-02-14,25.23,1128.1,582.8,2.85,39.3,0,0
2025-02-15,24.81,1122.7,583.5,2.23,39.5,0,0
2025-02-16,25.24,1113.7,585.1,2.71,39.7,0,0
2025-02-17,25.96,1111.6,586.3,3.5,39.9,0,0
2025-02-18,25.08,1111.0,585.1,3.15,40.1,0,0
2025-02-19,24.92,1118.9,583.1,2.29,40.3,0,0
2025-02-20,25.5,1104.5,582.6,4.04,40.5,0,0
2025-02-21,26.2,1116.0,579.8,3.44,40.7,0,0
2025-02-22,23.96,1114.1,579.5,2.24,40.9,0,0
2025-02-23,25.12,1110.1,578.7,2.43,41.1,0,0
2025-02-24,24.67,1101.6,577.4,2.26,41.3,0,0
2025-02-25,25.04,1088.0,574.9,2.87,41.5,0,0
2025-02-26,24.44,1094.3,574.8,2.41,41.7,0,0
2025-02-27,24.55,1094.6,573.5,2.09,41.9,0,0
2025-02-28,24.96,1084.2,571.4,2.63,42.1,0,0
2025-03-01,26.02,1073.8,567.2,3.26,42.4,0,0
2025-03-02,24.88,1071.2,566.5,2.72,42.6,0,0
2025-03-03,24.42,1084.7,567.9,2.99,42.8,0,0
2025-03-04,24.52,1082.9,569.2,2.78,43.0,0,0
2025-03-05,24.54,1071.2,568.0,3.12,43.3,0,0
2025-03-06,23.88,1069.6,566.5,2.83,43.5,0,0
2025-03-07,24.39,1068.0,566.4,2.61,43.7,0,0
2025-03-08,24.7,1047.0,564.5,2.72,44.0,0,0
2025-03-09,24.28,1047.2,564.1,3.8,44.2,0,0
2025-03-10,24.94,1046.2,564.3,3.03,44.5,0,0
2025-03-11,24.52,1052.6,565.0,2.29,44.7,0,0
2025-03-12,24.27,1068.3,564.2,2.71,44.9,0,0
2025-03-13,24.61,1078.4,563.2,2.85,45.2,0,0
2025-03-14,25.19,1077.4,561.4,2.59,45.4,0,0
2025-03-15,24.6,1069.7,559.7,2.09,45.7,0,0
2025-03-16,24.52,1091.6,558.7,2.31,45.9,0,0
2025-03-17,24.48,1093.5,558.4,2.48,46.2,0,0
2025-03-18,25.24,1095.1,558.8,4.19,46.4,0,0
2025-03-19,24.55,1096.4,557.0,2.95,46.7,0,0
2025-03-20,23.67,1099.6,558.1,2.14,46.9,0,0
2025-03-21,25.47,1100.2,557.0,2.62,47.2,0,0
2025-03-22,25.04,1097.4,556.3,3.61,47.4,0,0
2025-03-23,24.67,1094.9,554.6,2.41,47.7,0,0
2025-03-24,24.78,1096.6,550.9,3.36,47.9,0,0
2025-03-25,24.08,1094.3,551.3,2.15,48.2,0,0
2025-03-26,24.24,1090.8,551.4,2.01,48.5,0,0
2025-03-27,24.21,1093.8,550.3,3.5,48.7,0,0
2025-03-28,25.39,1094.1,549.6,2.45,49.0,0,0
2025-03-29,24.08,1108.5,549.5,2.49,49.2,0,0
2025-03-30,24.11,1089.8,546.9,2.77,49.5,0,0
2025-03-31,24.46,1101.0,545.5,2.93,49.7,0,0
2025-04-01,24.92,1113.6,545.7,2.03,50.0,0,0
2025-04-02,24.43,1099.7,543.4,2.38,50.3,0,0
2025-04-03,24.04,1099.7,543.0,2.7,50.5,0,0
2025-04-04,25.08,1099.6,540.6,2.93,50.8,0,0
2025-04-05,24.61,1091.2,540.4,2.28,51.0,0,0
2025-04-06,24.62,1088.0,539.6,2.57,51.3,0,0
2025-04-07,24.56,1082.1,537.0,2.41,51.5,0,0
2025-04-08,25.48,1099.3,537.6,2.79,51.8,0,0
2025-04-09,25.68,1110.0,536.0,3.46,52.1,0,0
2025-04-10,24.26,1123.4,534.2,2.51,52.3,0,0
2025-04-11,25.12,1132.5,533.7,2.18,52.6,0,0
2025-04-12,24.67,1126.9,534.4,2.36,52.8,0,0
2025-04-13,25.28,1126.1,532.4,4.02,53.1,0,0
2025-04-14,23.85,1133.6,531.7,2.31,53.3,0,0
2025-04-15,24.4,1127.4,531.5,2.22,53.6,0,0
2025-04-16,24.3,1136.8,531.6,2.48,53.8,0,0
2025-04-17,25.0,1138.6,531.1,2.62,54.1,0,0
2025-04-18,25.0,1139.4,529.9,2.43,54.3,0,0
2025-04-19,23.68,1148.9,528.2,2.15,54.6,0,0
2025-04-20,24.79,1156.3,527.5,2.85,54.8,0,0
2025-04-21,25.2,1157.4,525.5,2.79,55.1,0,0
2025-04-22,24.81,1170.7,521.3,3.09,55.3,0,0
2025-04-23,25.04,1166.1,521.1,2.78,55.5,0,0
2025-04-24,25.36,1175.2,521.4,3.91,55.8,0,0
2025-04-25,25.09,1184.1,517.9,3.15,56.0,0,0
2025-04-26,24.77,1185.9,515.9,2.99,56.3,0,0
2025-04-27,24.62,1192.7,516.0,3.5,56.5,0,0
2025-04-28,24.39,1187.1,517.7,2.74,56.7,0,0
2025-04-29,25.14,1198.8,517.0,2.58,57.0,0,0
2025-04-30,24.95,1201.8,515.4,2.84,57.2,0,0
2025-05-01,24.61,1202.1,514.5,2.08,57.4,0,0
2025-05-02,24.82,1215.0,515.5,2.74,57.6,0,0
2025-05-03,24.8,1213.9,514.0,2.62,57.9,0,0
2025-05-04,25.39,1207.2,512.3,2.91,58.1,0,0
2025-05-05,24.93,1199.4,511.1,3.36,58.3,0,0
2025-05-06,24.42,1208.9,509.3,3.02,58.5,0,0
2025-05-07,24.99,1203.4,508.7,2.36,58.7,0,0
2025-05-08,25.05,1222.2,510.0,3.21,58.9,0,0
2025-05-09,25.32,1210.3,509.7,3.93,59.1,0,0
2025-05-10,25.86,1228.7,508.7,3.39,59.3,0,0
2025-05-11,24.83,1235.2,507.7,2.2,59.5,0,0
2025-05-12,25.22,1239.3,505.2,3.01,59.7,0,0
2025-05-13,24.36,1239.9,505.6,2.23,59.9,0,0
2025-05-14,24.89,1248.0,504.8,2.53,60.1,0,0
2025-05-15,25.36,1252.7,504.0,2.89,60.3,0,0
2025-05-16,24.6,1266.5,507.2,2.81,60.5,0,0
2025-05-17,25.53,1272.4,506.9,3.37,60.7,0,0
2025-05-18,25.71,1278.6,505.4,3.94,60.9,0,0
2025-05-19,25.34,1280.7,504.2,2.95,61.0,0,0
2025-05-20,25.62,1285.4,505.0,2.5,61.2,0,0
2025-05-21,25.25,1292.9,504.5,2.09,61.4,0,0
2025-05-22,26.16,1284.3,502.2,3.61,61.5,0,0
2025-05-23,24.8,1278.6,502.7,2.62,61.7,0,0
2025-05-24,25.31,1289.7,501.3,2.65,61.9,0,0
2025-05-25,25.36,1296.2,502.9,2.69,62.0,0,0
2025-05-26,25.02,1299.9,503.6,2.92,62.2,0,0
2025-05-27,25.85,1305.2,502.5,2.94,62.3,0,0
2025-05-28,26.32,1313.1,503.5,2.54,62.5,0,0
2025-05-29,25.43,1313.9,503.0,2.62,62.6,0,0
2025-05-30,25.56,1312.9,503.4,2.4,62.7,0,0
2025-05-31,25.42,1319.6,503.5,2.36,62.9,0,0
2025-06-01,27.91,1316.9,501.9,5.36,63.0,1,0
2025-06-02,27.59,1325.4,500.6,5.61,63.1,1,0
2025-06-03,27.9,1316.9,501.3,5.3,63.3,1,0
2025-06-04,27.6,1330.3,500.4,5.01,63.4,1,0
2025-06-05,29.03,1339.2,499.4,5.49,63.5,1,0
2025-06-06,28.2,1346.4,497.7,5.21,63.6,1,0
2025-06-07,28.37,1359.4,497.7,5.72,63.7,1,0
2025-06-08,28.9,1377.9,499.7,5.4,63.8,1,0
2025-06-09,28.32,1391.1,497.9,5.93,63.9,1,0
2025-06-10,28.13,1381.5,497.4,5.23,64.0,1,0
2025-06-11,28.42,1376.3,498.6,5.11,64.1,1,0
2025-06-12,28.98,1376.4,498.1,5.62,64.2,1,0
2025-06-13,28.74,1381.6,498.2,5.47,64.3,1,0
2025-06-14,28.56,1390.8,496.4,5.19,64.3,1,0
2025-06-15,28.82,1390.0,496.5,6.15,64.4,1,0
2025-06-16,28.67,1396.5,495.8,5.27,64.5,1,0
2025-06-17,28.62,1395.4,496.6,5.35,64.6,1,0
2025-06-18,28.49,1395.4,497.6,6.31,64.6,1,0
2025-06-19,28.78,1389.1,500.3,5.97,64.7,1,0
2025-06-20,28.06,1386.5,500.5,5.24,64.7,1,0
2025-06-21,28.57,1380.6,500.5,5.51,64.8,1,0
2025-06-22,28.23,1377.6,500.4,5.22,64.8,1,0
2025-06-23,29.86,1390.8,499.6,6.24,64.8,1,0
2025-06-24,28.81,1388.0,499.6,6.24,64.9,1,0
2025-06-25,28.71,1413.7,498.9,7.13,64.9,1,0
2025-06-26,29.46,1422.3,498.7,7.68,64.9,1,0
2025-06-27,28.98,1428.5,499.9,5.4,65.0,1,0
2025-06-28,29.67,1426.2,498.4,6.11,65.0,1,0
2025-06-29,28.48,1436.3,499.4,5.09,65.0,1,0
2025-06-30,28.34,1436.3,500.6,5.77,65.0,1,0
2025-07-01,29.37,1441.7,500.2,5.91,65.0,1,0
2025-07-02,28.36,1466.6,497.3,5.29,65.0,1,0
2025-07-03,28.78,1470.2,496.3,5.37,65.0,1,0
2025-07-04,29.25,1483.7,497.6,6.25,65.0,1,0
2025-07-05,29.21,1482.4,497.2,5.93,65.0,1,0
2025-07-06,29.87,1486.3,495.8,6.95,64.9,1,0
2025-07-07,29.36,1504.7,494.9,6.8,64.9,1,0
2025-07-08,28.96,1503.8,495.6,5.12,64.9,1,0
2025-07-09,29.29,1522.4,496.0,5.43,64.9,1,0
2025-07-10,29.35,1532.0,495.5,5.26,64.8,1,0
2025-07-11,29.62,1531.5,494.8,6.14,64.8,1,0
2025-07-12,29.68,1540.5,494.2,5.82,64.7,1,0
2025-07-13,29.71,1552.1,492.8,5.28,64.7,1,0
2025-07-14,29.62,1560.8,494.6,5.32,64.6,1,0
2025-07-15,30.01,1552.0,494.0,6.54,64.6,1,0
2025-07-16,28.81,1549.8,495.3,5.47,64.5,1,0
2025-07-17,29.35,1551.5,496.9,5.07,64.5,1,0
2025-07-18,29.63,1554.4,497.9,5.25,64.4,1,0
2025-07-19,30.45,1562.8,497.3,7.22,64.3,1,0
2025-07-20,29.62,1567.6,497.6,6.33,64.2,1,0
2025-07-21,29.19,1560.3,497.4,5.21,64.1,1,0
2025-07-22,29.42,1566.6,496.2,5.77,64.1,1,0
2025-07-23,30.1,1574.7,496.5,6.28,64.0,1,0
2025-07-24,29.91,1582.3,494.9,5.12,63.9,1,0
2025-07-25,29.87,1594.0,496.3,6.38,63.8,1,0
2025-07-26,30.28,1603.6,495.6,5.92,63.7,1,0
2025-07-27,29.8,1610.2,495.8,5.36,63.6,1,0
2025-07-28,29.95,1612.5,496.0,6.03,63.4,1,0
2025-07-29,29.79,1602.0,495.7,5.83,63.3,1,0
2025-07-30,30.24,1608.1,496.3,5.88,63.2,1,0
2025-07-31,30.04,1612.4,495.7,5.75,63.1,1,0
2025-08-01,30.71,1617.1,496.7,5.31,62.9,1,0
2025-08-02,29.41,1609.3,495.1,5.36,62.8,1,0
2025-08-03,29.99,1603.0,495.2,5.55,62.7,1,0
2025-08-04,29.7,1613.7,497.5,5.69,62.5,1,0
2025-08-05,29.69,1615.6,496.3,6.07,62.4,1,0
2025-08-06,30.49,1623.2,495.5,7.26,62.2,1,0
2025-08-07,30.05,1625.5,496.1,5.79,62.1,1,0
2025-08-08,31.28,1627.7,496.4,6.06,61.9,1,0
2025-08-09,30.16,1637.1,496.9,6.23,61.8,1,0
2025-08-10,29.73,1634.8,497.5,6.11,61.6,1,0
2025-08-11,30.03,1637.3,498.3,5.3,61.5,1,0
2025-08-12,29.57,1635.2,499.7,6.64,61.3,1,0
2025-08-13,30.3,1633.3,500.3,6.47,61.1,1,0
2025-08-14,30.07,1632.3,500.1,5.74,60.9,1,0
2025-08-15,30.26,1635.5,501.0,5.31,60.8,1,0
2025-08-16,30.48,1632.9,503.4,5.68,60.6,1,0
2025-08-17,29.77,1644.2,503.3,5.14,60.4,1,0
2025-08-18,30.42,1638.1,502.3,6.78,60.2,1,0
2025-08-19,29.69,1637.7,503.7,5.39,60.0,1,0
2025-08-20,29.58,1635.1,503.7,5.53,59.8,1,0
2025-08-21,30.6,1647.6,501.3,6.7,59.6,1,0
2025-08-22,29.94,1649.9,502.4,6.57,59.4,1,0
2025-08-23,30.07,1658.8,502.0,5.86,59.2,1,0
2025-08-24,30.14,1647.6,502.0,6.96,59.0,1,0
2025-08-25,30.18,1650.2,502.6,5.29,58.8,1,0
2025-08-26,30.93,1657.7,503.1,5.86,58.6,1,0
2025-08-27,29.5,1658.7,504.1,5.29,58.4,1,0
2025-08-28,29.71,1667.5,503.8,6.41,58.2,1,0
2025-08-29,30.37,1663.5,504.6,6.38,58.0,1,0
2025-08-30,30.73,1674.9,504.6,7.05,57.7,1,0
2025-08-31,30.47,1693.2,505.7,5.67,57.5,1,0
2025-09-01,30.8,1690.2,506.7,7.43,57.3,1,0
2025-09-02,30.11,1686.5,505.8,5.27,57.1,1,0
2025-09-03,30.56,1697.8,507.4,5.64,56.8,1,0
2025-09-04,30.76,1710.1,507.0,5.28,56.6,1,0
2025-09-05,29.72,1705.4,508.3,5.77,56.4,1,0
2025-09-06,30.17,1701.5,509.0,5.3,56.1,1,0
2025-09-07,30.81,1698.6,511.5,6.41,55.9,1,0
2025-09-08,30.13,1687.1,511.6,5.94,55.7,1,0
2025-09-09,30.9,1678.9,511.5,5.25,55.4,1,0
2025-09-10,30.23,1670.0,511.8,6.2,55.2,1,0
2025-09-11,30.66,1662.9,511.8,6.87,54.9,1,0
2025-09-12,30.59,1661.5,513.1,6.01,54.7,1,0
2025-09-13,29.81,1662.2,511.5,5.18,54.5,1,0
2025-09-14,29.51,1673.4,510.6,5.59,54.2,1,0
2025-09-15,30.17,1664.0,509.7,6.1,54.0,1,0
2025-09-16,30.61,1670.5,511.2,5.55,53.7,1,0
2025-09-17,29.98,1667.3,513.6,5.26,53.5,1,0
2025-09-18,30.19,1665.3,513.9,6.52,53.2,1,0
2025-09-19,30.57,1669.0,514.1,5.53,53.0,1,0
2025-09-20,30.47,1658.2,514.6,6.87,52.7,1,0
2025-09-21,29.92,1659.5,516.4,5.43,52.4,1,0
2025-09-22,30.18,1658.9,515.7,5.51,52.2,1,0
2025-09-23,30.41,1660.8,516.5,5.4,51.9,1,0
2025-09-24,31.13,1661.0,518.1,5.58,51.7,1,0
2025-09-25,30.74,1678.5,519.1,5.93,51.4,1,0
2025-09-26,30.6,1671.1,519.8,5.28,51.2,1,0
2025-09-27,29.9,1664.5,521.5,5.23,50.9,1,0
2025-09-28,29.56,1657.1,518.7,5.12,50.6,1,0
2025-09-29,29.96,1650.2,520.0,5.1,50.4,1,0
2025-09-30,29.95,1642.5,519.7,5.18,50.1,1,0
2025-10-01,28.43,1649.4,518.0,3.93,49.9,0,1
2025-10-02,28.98,1658.0,519.1,4.26,49.6,0,1
2025-10-03,29.24,1650.7,521.3,4.4,49.4,0,1
2025-10-04,29.11,1641.1,521.6,4.24,49.1,0,1
2025-10-05,29.55,1642.0,523.3,5.23,48.8,0,1
2025-10-06,29.57,1634.5,525.8,5.6,48.6,0,1
2025-10-07,28.75,1636.5,527.9,4.03,48.3,0,1
2025-10-08,28.68,1635.0,530.4,3.78,48.1,0,1
2025-10-09,29.12,1619.6,531.8,6.03,47.8,0,1
2025-10-10,30.01,1628.7,532.5,4.99,47.6,0,1
2025-10-11,29.31,1639.7,531.1,4.92,47.3,0,1
2025-10-12,28.82,1631.4,531.4,3.92,47.0,0,1
2025-10-13,28.76,1624.8,531.0,4.72,46.8,0,1
2025-10-14,30.17,1623.5,534.1,4.24,46.5,0,1
2025-10-15,28.53,1622.5,534.5,4.13,46.3,0,1
2025-10-16,28.8,1624.1,535.3,4.13,46.0,0,1
2025-10-17,29.35,1636.4,536.5,4.46,45.8,0,1
2025-10-18,29.69,1631.2,537.2,5.27,45.5,0,1
2025-10-19,30.12,1620.9,539.8,6.16,45.3,0,1
2025-10-20,29.6,1606.0,539.7,3.98,45.1,0,1
2025-10-21,29.12,1596.1,540.6,4.27,44.8,0,1
2025-10-22,28.42,1591.8,540.3,4.12,44.6,0,1
2025-10-23,28.89,1602.1,539.3,4.42,44.3,0,1
2025-10-24,28.93,1593.8,539.2,4.06,44.1,0,1
2025-10-25,29.56,1591.4,539.8,3.88,43.9,0,1
2025-10-26,28.17,1587.0,540.0,3.98,43.6,0,1
2025-10-27,29.21,1592.2,539.8,3.92,43.4,0,1
2025-10-28,28.92,1608.1,538.8,4.09,43.2,0,1
2025-10-29,29.0,1599.4,539.3,3.7,42.9,0,1
2025-10-30,28.64,1591.1,538.2,3.93,42.7,0,1
2025-10-31,28.56,1594.9,539.8,4.41,42.5,0,1
2025-11-01,29.22,1595.8,540.5,4.41,42.3,0,1
2025-11-02,29.19,1606.0,539.5,4.31,42.0,0,1
2025-11-03,29.62,1606.1,539.8,5.17,41.8,0,1
2025-11-04,28.92,1598.6,539.6,4.44,41.6,0,1
2025-11-05,28.94,1598.6,540.6,5.13,41.4,0,1
2025-11-06,28.96,1602.7,542.9,6.16,41.2,0,1
2025-11-07,29.39,1604.5,541.4,4.74,41.0,0,1
2025-11-08,28.86,1603.8,542.2,3.7,40.8,0,1
2025-11-09,28.54,1607.5,542.7,4.33,40.6,0,1
2025-11-10,28.72,1612.0,544.2,4.24,40.4,0,1
2025-11-11,29.19,1618.2,545.2,5.37,40.2,0,1
2025-11-12,28.33,1618.4,545.0,4.11,40.0,0,1
2025-11-13,28.46,1612.2,545.4,3.83,39.8,0,1
2025-11-14,28.35,1608.4,545.1,3.95,39.6,0,1
2025-11-15,28.61,1613.0,547.1,3.71,39.4,0,1
2025-11-16,29.18,1601.5,547.9,5.89,39.2,0,1
